[{"model": "arriendos.usuario", "pk": 1, "fields": {"password": "pbkdf2_sha256$720000$OrGUbOoY2pgz2bPIfZtC7v$fJvkug7TzsHe4kDyYai6JsZ2FEQ4puZrPqXZykZRPNA=", "last_login": null, "is_superuser": true, "tipo_usuario": "arrendador", "rut": "", "primer_nombre": "admin", "segundo_nombre": null, "primer_apellido": "admin", "segundo_apellido": null, "direccion": null, "email": "admin@admin.cl", "telefono_personal": null, "is_staff": true, "is_active": true, "groups": [], "user_permissions": []}}, {"model": "arriendos.usuario", "pk": 2, "fields": {"password": "pbkdf2_sha256$720000$abSwupAEbBqRR9QATldGOE$3HRn97fdKrFXvYn5YkBH32F18wK7qSeQDZgbm5p0Tqo=", "last_login": "2024-05-19T02:13:50.446Z", "is_superuser": false, "tipo_usuario": "arrendatario", "rut": "77391530-K", "primer_nombre": "hola@hola.cl", "segundo_nombre": "hola", "primer_apellido": "hola", "segundo_apellido": "hola", "direccion": "hola", "email": "hola@hola.cl", "telefono_personal": "962798030", "is_staff": false, "is_active": true, "groups": [], "user_permissions": []}}, {"model": "arriendos.region", "pk": 1, "fields": {"nombre": "Arica y Parinacota"}}, {"model": "arriendos.region", "pk": 2, "fields": {"nombre": "Tarapacá"}}, {"model": "arriendos.region", "pk": 3, "fields": {"nombre": "Antofagasta"}}, {"model": "arriendos.region", "pk": 4, "fields": {"nombre": "Atacama"}}, {"model": "arriendos.region", "pk": 5, "fields": {"nombre": "Coquimbo"}}, {"model": "arriendos.region", "pk": 6, "fields": {"nombre": "Valparaíso"}}, {"model": "arriendos.region", "pk": 7, "fields": {"nombre": "Región del Libertador Gral. Bernardo O’Higgins"}}, {"model": "arriendos.region", "pk": 8, "fields": {"nombre": "Región del Maule"}}, {"model": "arriendos.region", "pk": 9, "fields": {"nombre": "Región de Ñuble"}}, {"model": "arriendos.region", "pk": 10, "fields": {"nombre": "Región del Biobío"}}, {"model": "arriendos.region", "pk": 11, "fields": {"nombre": "Región de la Araucanía"}}, {"model": "arriendos.region", "pk": 12, "fields": {"nombre": "Región de Los Ríos"}}, {"model": "arriendos.region", "pk": 13, "fields": {"nombre": "Región de Los Lagos"}}, {"model": "arriendos.region", "pk": 14, "fields": {"nombre": "Región Aysén del Gral. Carlos Ibáñez del Campo"}}, {"model": "arriendos.region", "pk": 15, "fields": {"nombre": "Región de Magallanes y de la Antártica Chilena"}}, {"model": "arriendos.region", "pk": 16, "fields": {"nombre": "Región Metropolitana de Santiago"}}, {"model": "arriendos.comuna", "pk": 1, "fields": {"nombre": "Arica", "region": 1}}, {"model": "arriendos.comuna", "pk": 2, "fields": {"nombre": "Camarones", "region": 1}}, {"model": "arriendos.comuna", "pk": 3, "fields": {"nombre": "Putre", "region": 1}}, {"model": "arriendos.comuna", "pk": 4, "fields": {"nombre": "General Lagos", "region": 1}}, {"model": "arriendos.comuna", "pk": 5, "fields": {"nombre": "Iquique", "region": 2}}, {"model": "arriendos.comuna", "pk": 6, "fields": {"nombre": "Alto Hospicio", "region": 2}}, {"model": "arriendos.comuna", "pk": 7, "fields": {"nombre": "Pozo Almonte", "region": 2}}, {"model": "arriendos.comuna", "pk": 8, "fields": {"nombre": "Camiña", "region": 2}}, {"model": "arriendos.comuna", "pk": 9, "fields": {"nombre": "Colchane", "region": 2}}, {"model": "arriendos.comuna", "pk": 10, "fields": {"nombre": "Huara", "region": 2}}, {"model": "arriendos.comuna", "pk": 11, "fields": {"nombre": "Pica", "region": 2}}, {"model": "arriendos.comuna", "pk": 12, "fields": {"nombre": "Antofagasta", "region": 3}}, {"model": "arriendos.comuna", "pk": 13, "fields": {"nombre": "Mejillones", "region": 3}}, {"model": "arriendos.comuna", "pk": 14, "fields": {"nombre": "Sierra Gorda", "region": 3}}, {"model": "arriendos.comuna", "pk": 15, "fields": {"nombre": "Taltal", "region": 3}}, {"model": "arriendos.comuna", "pk": 16, "fields": {"nombre": "Calama", "region": 3}}, {"model": "arriendos.comuna", "pk": 17, "fields": {"nombre": "Ollagüe", "region": 3}}, {"model": "arriendos.comuna", "pk": 18, "fields": {"nombre": "San Pedro de Atacama", "region": 3}}, {"model": "arriendos.comuna", "pk": 19, "fields": {"nombre": "Tocopilla", "region": 3}}, {"model": "arriendos.comuna", "pk": 20, "fields": {"nombre": "María Elena", "region": 3}}, {"model": "arriendos.comuna", "pk": 21, "fields": {"nombre": "Copiapó", "region": 4}}, {"model": "arriendos.comuna", "pk": 22, "fields": {"nombre": "Caldera", "region": 4}}, {"model": "arriendos.comuna", "pk": 23, "fields": {"nombre": "Tierra Amarilla", "region": 4}}, {"model": "arriendos.comuna", "pk": 24, "fields": {"nombre": "Chañaral", "region": 4}}, {"model": "arriendos.comuna", "pk": 25, "fields": {"nombre": "Diego de Almagro", "region": 4}}, {"model": "arriendos.comuna", "pk": 26, "fields": {"nombre": "Vallenar", "region": 4}}, {"model": "arriendos.comuna", "pk": 27, "fields": {"nombre": "Alto del Carmen", "region": 4}}, {"model": "arriendos.comuna", "pk": 28, "fields": {"nombre": "Freirina", "region": 4}}, {"model": "arriendos.comuna", "pk": 29, "fields": {"nombre": "Huasco", "region": 4}}, {"model": "arriendos.comuna", "pk": 30, "fields": {"nombre": "La Serena", "region": 5}}, {"model": "arriendos.comuna", "pk": 31, "fields": {"nombre": "Coquimbo", "region": 5}}, {"model": "arriendos.comuna", "pk": 32, "fields": {"nombre": "Andacollo", "region": 5}}, {"model": "arriendos.comuna", "pk": 33, "fields": {"nombre": "La Higuera", "region": 5}}, {"model": "arriendos.comuna", "pk": 34, "fields": {"nombre": "Paiguano", "region": 5}}, {"model": "arriendos.comuna", "pk": 35, "fields": {"nombre": "Vicuña", "region": 5}}, {"model": "arriendos.comuna", "pk": 36, "fields": {"nombre": "Illapel", "region": 5}}, {"model": "arriendos.comuna", "pk": 37, "fields": {"nombre": "Canela", "region": 5}}, {"model": "arriendos.comuna", "pk": 38, "fields": {"nombre": "Los Vilos", "region": 5}}, {"model": "arriendos.comuna", "pk": 39, "fields": {"nombre": "Salamanca", "region": 5}}, {"model": "arriendos.comuna", "pk": 40, "fields": {"nombre": "Ovalle", "region": 5}}, {"model": "arriendos.comuna", "pk": 41, "fields": {"nombre": "Combarbalá", "region": 5}}, {"model": "arriendos.comuna", "pk": 42, "fields": {"nombre": "Monte Patria", "region": 5}}, {"model": "arriendos.comuna", "pk": 43, "fields": {"nombre": "Punitaqui", "region": 5}}, {"model": "arriendos.comuna", "pk": 44, "fields": {"nombre": "Río Hurtado", "region": 5}}, {"model": "arriendos.comuna", "pk": 45, "fields": {"nombre": "Valparaíso", "region": 6}}, {"model": "arriendos.comuna", "pk": 46, "fields": {"nombre": "Casablanca", "region": 6}}, {"model": "arriendos.comuna", "pk": 47, "fields": {"nombre": "Concón", "region": 6}}, {"model": "arriendos.comuna", "pk": 48, "fields": {"nombre": "Juan Fernández", "region": 6}}, {"model": "arriendos.comuna", "pk": 49, "fields": {"nombre": "Puchuncaví", "region": 6}}, {"model": "arriendos.comuna", "pk": 50, "fields": {"nombre": "Quintero", "region": 6}}, {"model": "arriendos.comuna", "pk": 51, "fields": {"nombre": "Viña del Mar", "region": 6}}, {"model": "arriendos.comuna", "pk": 52, "fields": {"nombre": "Isla de Pascua", "region": 6}}, {"model": "arriendos.comuna", "pk": 53, "fields": {"nombre": "Los Andes", "region": 6}}, {"model": "arriendos.comuna", "pk": 54, "fields": {"nombre": "Calle Larga", "region": 6}}, {"model": "arriendos.comuna", "pk": 55, "fields": {"nombre": "Rinconada", "region": 6}}, {"model": "arriendos.comuna", "pk": 56, "fields": {"nombre": "San Esteban", "region": 6}}, {"model": "arriendos.comuna", "pk": 57, "fields": {"nombre": "La Ligua", "region": 6}}, {"model": "arriendos.comuna", "pk": 58, "fields": {"nombre": "Cabildo", "region": 6}}, {"model": "arriendos.comuna", "pk": 59, "fields": {"nombre": "Papudo", "region": 6}}, {"model": "arriendos.comuna", "pk": 60, "fields": {"nombre": "Petorca", "region": 6}}, {"model": "arriendos.comuna", "pk": 61, "fields": {"nombre": "Zapallar", "region": 6}}, {"model": "arriendos.comuna", "pk": 62, "fields": {"nombre": "Quillota", "region": 6}}, {"model": "arriendos.comuna", "pk": 63, "fields": {"nombre": "Calera", "region": 6}}, {"model": "arriendos.comuna", "pk": 64, "fields": {"nombre": "Hijuelas", "region": 6}}, {"model": "arriendos.comuna", "pk": 65, "fields": {"nombre": "La Cruz", "region": 6}}, {"model": "arriendos.comuna", "pk": 66, "fields": {"nombre": "Nogales", "region": 6}}, {"model": "arriendos.comuna", "pk": 67, "fields": {"nombre": "San Antonio", "region": 6}}, {"model": "arriendos.comuna", "pk": 68, "fields": {"nombre": "Algarrobo", "region": 6}}, {"model": "arriendos.comuna", "pk": 69, "fields": {"nombre": "Cartagena", "region": 6}}, {"model": "arriendos.comuna", "pk": 70, "fields": {"nombre": "El Quisco", "region": 6}}, {"model": "arriendos.comuna", "pk": 71, "fields": {"nombre": "El Tabo", "region": 6}}, {"model": "arriendos.comuna", "pk": 72, "fields": {"nombre": "Santo Domingo", "region": 6}}, {"model": "arriendos.comuna", "pk": 73, "fields": {"nombre": "San Felipe", "region": 6}}, {"model": "arriendos.comuna", "pk": 74, "fields": {"nombre": "Catemu", "region": 6}}, {"model": "arriendos.comuna", "pk": 75, "fields": {"nombre": "Llaillay", "region": 6}}, {"model": "arriendos.comuna", "pk": 76, "fields": {"nombre": "Panquehue", "region": 6}}, {"model": "arriendos.comuna", "pk": 77, "fields": {"nombre": "Putaendo", "region": 6}}, {"model": "arriendos.comuna", "pk": 78, "fields": {"nombre": "Santa María", "region": 6}}, {"model": "arriendos.comuna", "pk": 79, "fields": {"nombre": "Quilpué", "region": 6}}, {"model": "arriendos.comuna", "pk": 80, "fields": {"nombre": "Limache", "region": 6}}, {"model": "arriendos.comuna", "pk": 81, "fields": {"nombre": "Olmué", "region": 6}}, {"model": "arriendos.comuna", "pk": 82, "fields": {"nombre": "Villa Alemana", "region": 6}}, {"model": "arriendos.comuna", "pk": 83, "fields": {"nombre": "Rancagua", "region": 7}}, {"model": "arriendos.comuna", "pk": 84, "fields": {"nombre": "Codegua", "region": 7}}, {"model": "arriendos.comuna", "pk": 85, "fields": {"nombre": "Coinco", "region": 7}}, {"model": "arriendos.comuna", "pk": 86, "fields": {"nombre": "Coltauco", "region": 7}}, {"model": "arriendos.comuna", "pk": 87, "fields": {"nombre": "Doñihue", "region": 7}}, {"model": "arriendos.comuna", "pk": 88, "fields": {"nombre": "Graneros", "region": 7}}, {"model": "arriendos.comuna", "pk": 89, "fields": {"nombre": "Las Cabras", "region": 7}}, {"model": "arriendos.comuna", "pk": 90, "fields": {"nombre": "Machalí", "region": 7}}, {"model": "arriendos.comuna", "pk": 91, "fields": {"nombre": "Malloa", "region": 7}}, {"model": "arriendos.comuna", "pk": 92, "fields": {"nombre": "Mostazal", "region": 7}}, {"model": "arriendos.comuna", "pk": 93, "fields": {"nombre": "Olivar", "region": 7}}, {"model": "arriendos.comuna", "pk": 94, "fields": {"nombre": "Peumo", "region": 7}}, {"model": "arriendos.comuna", "pk": 95, "fields": {"nombre": "Pichidegua", "region": 7}}, {"model": "arriendos.comuna", "pk": 96, "fields": {"nombre": "Quinta de Tilcoco", "region": 7}}, {"model": "arriendos.comuna", "pk": 97, "fields": {"nombre": "Rengo", "region": 7}}, {"model": "arriendos.comuna", "pk": 98, "fields": {"nombre": "Requínoa", "region": 7}}, {"model": "arriendos.comuna", "pk": 99, "fields": {"nombre": "San Vicente", "region": 7}}, {"model": "arriendos.comuna", "pk": 100, "fields": {"nombre": "Pichilemu", "region": 7}}, {"model": "arriendos.comuna", "pk": 101, "fields": {"nombre": "La Estrella", "region": 7}}, {"model": "arriendos.comuna", "pk": 102, "fields": {"nombre": "Litueche", "region": 7}}, {"model": "arriendos.comuna", "pk": 103, "fields": {"nombre": "Marchihue", "region": 7}}, {"model": "arriendos.comuna", "pk": 104, "fields": {"nombre": "Navidad", "region": 7}}, {"model": "arriendos.comuna", "pk": 105, "fields": {"nombre": "Paredones", "region": 7}}, {"model": "arriendos.comuna", "pk": 106, "fields": {"nombre": "San Fernando", "region": 7}}, {"model": "arriendos.comuna", "pk": 107, "fields": {"nombre": "Chépica", "region": 7}}, {"model": "arriendos.comuna", "pk": 108, "fields": {"nombre": "Chimbarongo", "region": 7}}, {"model": "arriendos.comuna", "pk": 109, "fields": {"nombre": "Lolol", "region": 7}}, {"model": "arriendos.comuna", "pk": 110, "fields": {"nombre": "Nancagua", "region": 7}}, {"model": "arriendos.comuna", "pk": 111, "fields": {"nombre": "Palmilla", "region": 7}}, {"model": "arriendos.comuna", "pk": 112, "fields": {"nombre": "Peralillo", "region": 7}}, {"model": "arriendos.comuna", "pk": 113, "fields": {"nombre": "Placilla", "region": 7}}, {"model": "arriendos.comuna", "pk": 114, "fields": {"nombre": "Pumanque", "region": 7}}, {"model": "arriendos.comuna", "pk": 115, "fields": {"nombre": "Santa Cruz", "region": 7}}, {"model": "arriendos.comuna", "pk": 116, "fields": {"nombre": "Talca", "region": 8}}, {"model": "arriendos.comuna", "pk": 117, "fields": {"nombre": "Constitución", "region": 8}}, {"model": "arriendos.comuna", "pk": 118, "fields": {"nombre": "Curepto", "region": 8}}, {"model": "arriendos.comuna", "pk": 119, "fields": {"nombre": "Empedrado", "region": 8}}, {"model": "arriendos.comuna", "pk": 120, "fields": {"nombre": "Maule", "region": 8}}, {"model": "arriendos.comuna", "pk": 121, "fields": {"nombre": "Pelarco", "region": 8}}, {"model": "arriendos.comuna", "pk": 122, "fields": {"nombre": "Pencahue", "region": 8}}, {"model": "arriendos.comuna", "pk": 123, "fields": {"nombre": "Río Claro", "region": 8}}, {"model": "arriendos.comuna", "pk": 124, "fields": {"nombre": "San Clemente", "region": 8}}, {"model": "arriendos.comuna", "pk": 125, "fields": {"nombre": "San Rafael", "region": 8}}, {"model": "arriendos.comuna", "pk": 126, "fields": {"nombre": "Cauquenes", "region": 8}}, {"model": "arriendos.comuna", "pk": 127, "fields": {"nombre": "Chanco", "region": 8}}, {"model": "arriendos.comuna", "pk": 128, "fields": {"nombre": "Pelluhue", "region": 8}}, {"model": "arriendos.comuna", "pk": 129, "fields": {"nombre": "Curicó", "region": 8}}, {"model": "arriendos.comuna", "pk": 130, "fields": {"nombre": "Hualañé", "region": 8}}, {"model": "arriendos.comuna", "pk": 131, "fields": {"nombre": "Licantén", "region": 8}}, {"model": "arriendos.comuna", "pk": 132, "fields": {"nombre": "Molina", "region": 8}}, {"model": "arriendos.comuna", "pk": 133, "fields": {"nombre": "Rauco", "region": 8}}, {"model": "arriendos.comuna", "pk": 134, "fields": {"nombre": "Romeral", "region": 8}}, {"model": "arriendos.comuna", "pk": 135, "fields": {"nombre": "Sagrada Familia", "region": 8}}, {"model": "arriendos.comuna", "pk": 136, "fields": {"nombre": "Teno", "region": 8}}, {"model": "arriendos.comuna", "pk": 137, "fields": {"nombre": "Vichuquén", "region": 8}}, {"model": "arriendos.comuna", "pk": 138, "fields": {"nombre": "Linares", "region": 8}}, {"model": "arriendos.comuna", "pk": 139, "fields": {"nombre": "Colbún", "region": 8}}, {"model": "arriendos.comuna", "pk": 140, "fields": {"nombre": "Longaví", "region": 8}}, {"model": "arriendos.comuna", "pk": 141, "fields": {"nombre": "Parral", "region": 8}}, {"model": "arriendos.comuna", "pk": 142, "fields": {"nombre": "Retiro", "region": 8}}, {"model": "arriendos.comuna", "pk": 143, "fields": {"nombre": "San Javier", "region": 8}}, {"model": "arriendos.comuna", "pk": 144, "fields": {"nombre": "Villa Alegre", "region": 8}}, {"model": "arriendos.comuna", "pk": 145, "fields": {"nombre": "Yerbas Buenas", "region": 8}}, {"model": "arriendos.comuna", "pk": 146, "fields": {"nombre": "Cobquecura", "region": 9}}, {"model": "arriendos.comuna", "pk": 147, "fields": {"nombre": "Coelemu", "region": 9}}, {"model": "arriendos.comuna", "pk": 148, "fields": {"nombre": "Ninhue", "region": 9}}, {"model": "arriendos.comuna", "pk": 149, "fields": {"nombre": "Portezuelo", "region": 9}}, {"model": "arriendos.comuna", "pk": 150, "fields": {"nombre": "Quirihue", "region": 9}}, {"model": "arriendos.comuna", "pk": 151, "fields": {"nombre": "Ránquil", "region": 9}}, {"model": "arriendos.comuna", "pk": 152, "fields": {"nombre": "Treguaco", "region": 9}}, {"model": "arriendos.comuna", "pk": 153, "fields": {"nombre": "Bulnes", "region": 9}}, {"model": "arriendos.comuna", "pk": 154, "fields": {"nombre": "Chillán Viejo", "region": 9}}, {"model": "arriendos.comuna", "pk": 155, "fields": {"nombre": "Chillán", "region": 9}}, {"model": "arriendos.comuna", "pk": 156, "fields": {"nombre": "El Carmen", "region": 9}}, {"model": "arriendos.comuna", "pk": 157, "fields": {"nombre": "Pemuco", "region": 9}}, {"model": "arriendos.comuna", "pk": 158, "fields": {"nombre": "Pinto", "region": 9}}, {"model": "arriendos.comuna", "pk": 159, "fields": {"nombre": "Quillón", "region": 9}}, {"model": "arriendos.comuna", "pk": 160, "fields": {"nombre": "San Ignacio", "region": 9}}, {"model": "arriendos.comuna", "pk": 161, "fields": {"nombre": "Yungay", "region": 9}}, {"model": "arriendos.comuna", "pk": 162, "fields": {"nombre": "Coihueco", "region": 9}}, {"model": "arriendos.comuna", "pk": 163, "fields": {"nombre": "Ñiquén", "region": 9}}, {"model": "arriendos.comuna", "pk": 164, "fields": {"nombre": "San Carlos", "region": 9}}, {"model": "arriendos.comuna", "pk": 165, "fields": {"nombre": "San Fabián", "region": 9}}, {"model": "arriendos.comuna", "pk": 166, "fields": {"nombre": "San Nicolás", "region": 9}}, {"model": "arriendos.comuna", "pk": 167, "fields": {"nombre": "Concepción", "region": 10}}, {"model": "arriendos.comuna", "pk": 168, "fields": {"nombre": "Coronel", "region": 10}}, {"model": "arriendos.comuna", "pk": 169, "fields": {"nombre": "Chiguayante", "region": 10}}, {"model": "arriendos.comuna", "pk": 170, "fields": {"nombre": "Florida", "region": 10}}, {"model": "arriendos.comuna", "pk": 171, "fields": {"nombre": "Hualqui", "region": 10}}, {"model": "arriendos.comuna", "pk": 172, "fields": {"nombre": "Lota", "region": 10}}, {"model": "arriendos.comuna", "pk": 173, "fields": {"nombre": "Penco", "region": 10}}, {"model": "arriendos.comuna", "pk": 174, "fields": {"nombre": "San Pedro de la Paz", "region": 10}}, {"model": "arriendos.comuna", "pk": 175, "fields": {"nombre": "Santa Juana", "region": 10}}, {"model": "arriendos.comuna", "pk": 176, "fields": {"nombre": "Talcahuano", "region": 10}}, {"model": "arriendos.comuna", "pk": 177, "fields": {"nombre": "Tomé", "region": 10}}, {"model": "arriendos.comuna", "pk": 178, "fields": {"nombre": "Hualpén", "region": 10}}, {"model": "arriendos.comuna", "pk": 179, "fields": {"nombre": "Lebu", "region": 10}}, {"model": "arriendos.comuna", "pk": 180, "fields": {"nombre": "Arauco", "region": 10}}, {"model": "arriendos.comuna", "pk": 181, "fields": {"nombre": "Cañete", "region": 10}}, {"model": "arriendos.comuna", "pk": 182, "fields": {"nombre": "Contulmo", "region": 10}}, {"model": "arriendos.comuna", "pk": 183, "fields": {"nombre": "Curanilahue", "region": 10}}, {"model": "arriendos.comuna", "pk": 184, "fields": {"nombre": "Los Álamos", "region": 10}}, {"model": "arriendos.comuna", "pk": 185, "fields": {"nombre": "Tirúa", "region": 10}}, {"model": "arriendos.comuna", "pk": 186, "fields": {"nombre": "Los Ángeles", "region": 10}}, {"model": "arriendos.comuna", "pk": 187, "fields": {"nombre": "Antuco", "region": 10}}, {"model": "arriendos.comuna", "pk": 188, "fields": {"nombre": "Cabrero", "region": 10}}, {"model": "arriendos.comuna", "pk": 189, "fields": {"nombre": "Laja", "region": 10}}, {"model": "arriendos.comuna", "pk": 190, "fields": {"nombre": "Mulchén", "region": 10}}, {"model": "arriendos.comuna", "pk": 191, "fields": {"nombre": "Nacimiento", "region": 10}}, {"model": "arriendos.comuna", "pk": 192, "fields": {"nombre": "Negrete", "region": 10}}, {"model": "arriendos.comuna", "pk": 193, "fields": {"nombre": "Quilaco", "region": 10}}, {"model": "arriendos.comuna", "pk": 194, "fields": {"nombre": "Quilleco", "region": 10}}, {"model": "arriendos.comuna", "pk": 195, "fields": {"nombre": "San Rosendo", "region": 10}}, {"model": "arriendos.comuna", "pk": 196, "fields": {"nombre": "Santa Bárbara", "region": 10}}, {"model": "arriendos.comuna", "pk": 197, "fields": {"nombre": "Tucapel", "region": 10}}, {"model": "arriendos.comuna", "pk": 198, "fields": {"nombre": "Yumbel", "region": 10}}, {"model": "arriendos.comuna", "pk": 199, "fields": {"nombre": "Alto Biobío", "region": 10}}, {"model": "arriendos.comuna", "pk": 200, "fields": {"nombre": "Temuco", "region": 11}}, {"model": "arriendos.comuna", "pk": 201, "fields": {"nombre": "Carahue", "region": 11}}, {"model": "arriendos.comuna", "pk": 202, "fields": {"nombre": "Cunco", "region": 11}}, {"model": "arriendos.comuna", "pk": 203, "fields": {"nombre": "Curarrehue", "region": 11}}, {"model": "arriendos.comuna", "pk": 204, "fields": {"nombre": "Freire", "region": 11}}, {"model": "arriendos.comuna", "pk": 205, "fields": {"nombre": "Galvarino", "region": 11}}, {"model": "arriendos.comuna", "pk": 206, "fields": {"nombre": "Gorbea", "region": 11}}, {"model": "arriendos.comuna", "pk": 207, "fields": {"nombre": "Lautaro", "region": 11}}, {"model": "arriendos.comuna", "pk": 208, "fields": {"nombre": "Loncoche", "region": 11}}, {"model": "arriendos.comuna", "pk": 209, "fields": {"nombre": "Melipeuco", "region": 11}}, {"model": "arriendos.comuna", "pk": 210, "fields": {"nombre": "Nueva Imperial", "region": 11}}, {"model": "arriendos.comuna", "pk": 211, "fields": {"nombre": "Padre las Casas", "region": 11}}, {"model": "arriendos.comuna", "pk": 212, "fields": {"nombre": "Perquenco", "region": 11}}, {"model": "arriendos.comuna", "pk": 213, "fields": {"nombre": "Pitrufquén", "region": 11}}, {"model": "arriendos.comuna", "pk": 214, "fields": {"nombre": "Pucón", "region": 11}}, {"model": "arriendos.comuna", "pk": 215, "fields": {"nombre": "Saavedra", "region": 11}}, {"model": "arriendos.comuna", "pk": 216, "fields": {"nombre": "Teodoro Schmidt", "region": 11}}, {"model": "arriendos.comuna", "pk": 217, "fields": {"nombre": "Toltén", "region": 11}}, {"model": "arriendos.comuna", "pk": 218, "fields": {"nombre": "Vilcún", "region": 11}}, {"model": "arriendos.comuna", "pk": 219, "fields": {"nombre": "Villarrica", "region": 11}}, {"model": "arriendos.comuna", "pk": 220, "fields": {"nombre": "Cholchol", "region": 11}}, {"model": "arriendos.comuna", "pk": 221, "fields": {"nombre": "Angol", "region": 11}}, {"model": "arriendos.comuna", "pk": 222, "fields": {"nombre": "Collipulli", "region": 11}}, {"model": "arriendos.comuna", "pk": 223, "fields": {"nombre": "Curacautín", "region": 11}}, {"model": "arriendos.comuna", "pk": 224, "fields": {"nombre": "Ercilla", "region": 11}}, {"model": "arriendos.comuna", "pk": 225, "fields": {"nombre": "Lonquimay", "region": 11}}, {"model": "arriendos.comuna", "pk": 226, "fields": {"nombre": "Los Sauces", "region": 11}}, {"model": "arriendos.comuna", "pk": 227, "fields": {"nombre": "Lumaco", "region": 11}}, {"model": "arriendos.comuna", "pk": 228, "fields": {"nombre": "Purén", "region": 11}}, {"model": "arriendos.comuna", "pk": 229, "fields": {"nombre": "Renaico", "region": 11}}, {"model": "arriendos.comuna", "pk": 230, "fields": {"nombre": "Traiguén", "region": 11}}, {"model": "arriendos.comuna", "pk": 231, "fields": {"nombre": "Victoria", "region": 11}}, {"model": "arriendos.comuna", "pk": 232, "fields": {"nombre": "Valdivia", "region": 12}}, {"model": "arriendos.comuna", "pk": 233, "fields": {"nombre": "Corral", "region": 12}}, {"model": "arriendos.comuna", "pk": 234, "fields": {"nombre": "Lanco", "region": 12}}, {"model": "arriendos.comuna", "pk": 235, "fields": {"nombre": "Los Lagos", "region": 12}}, {"model": "arriendos.comuna", "pk": 236, "fields": {"nombre": "Máfil", "region": 12}}, {"model": "arriendos.comuna", "pk": 237, "fields": {"nombre": "Mariquina", "region": 12}}, {"model": "arriendos.comuna", "pk": 238, "fields": {"nombre": "Paillaco", "region": 12}}, {"model": "arriendos.comuna", "pk": 239, "fields": {"nombre": "Panguipulli", "region": 12}}, {"model": "arriendos.comuna", "pk": 240, "fields": {"nombre": "La Unión", "region": 12}}, {"model": "arriendos.comuna", "pk": 241, "fields": {"nombre": "Futrono", "region": 12}}, {"model": "arriendos.comuna", "pk": 242, "fields": {"nombre": "Lago Ranco", "region": 12}}, {"model": "arriendos.comuna", "pk": 243, "fields": {"nombre": "Río Bueno", "region": 12}}, {"model": "arriendos.comuna", "pk": 244, "fields": {"nombre": "Puerto Montt", "region": 13}}, {"model": "arriendos.comuna", "pk": 245, "fields": {"nombre": "Calbuco", "region": 13}}, {"model": "arriendos.comuna", "pk": 246, "fields": {"nombre": "Cochamó", "region": 13}}, {"model": "arriendos.comuna", "pk": 247, "fields": {"nombre": "Fresia", "region": 13}}, {"model": "arriendos.comuna", "pk": 248, "fields": {"nombre": "Frutillar", "region": 13}}, {"model": "arriendos.comuna", "pk": 249, "fields": {"nombre": "Los Muermos", "region": 13}}, {"model": "arriendos.comuna", "pk": 250, "fields": {"nombre": "Llanquihue", "region": 13}}, {"model": "arriendos.comuna", "pk": 251, "fields": {"nombre": "Maullín", "region": 13}}, {"model": "arriendos.comuna", "pk": 252, "fields": {"nombre": "Puerto Varas", "region": 13}}, {"model": "arriendos.comuna", "pk": 253, "fields": {"nombre": "Castro", "region": 13}}, {"model": "arriendos.comuna", "pk": 254, "fields": {"nombre": "Ancud", "region": 13}}, {"model": "arriendos.comuna", "pk": 255, "fields": {"nombre": "Chonchi", "region": 13}}, {"model": "arriendos.comuna", "pk": 256, "fields": {"nombre": "Curaco de Vélez", "region": 13}}, {"model": "arriendos.comuna", "pk": 257, "fields": {"nombre": "Dalcahue", "region": 13}}, {"model": "arriendos.comuna", "pk": 258, "fields": {"nombre": "Puqueldón", "region": 13}}, {"model": "arriendos.comuna", "pk": 259, "fields": {"nombre": "Queilén", "region": 13}}, {"model": "arriendos.comuna", "pk": 260, "fields": {"nombre": "Quellón", "region": 13}}, {"model": "arriendos.comuna", "pk": 261, "fields": {"nombre": "Quemchi", "region": 13}}, {"model": "arriendos.comuna", "pk": 262, "fields": {"nombre": "Quinchao", "region": 13}}, {"model": "arriendos.comuna", "pk": 263, "fields": {"nombre": "Osorno", "region": 13}}, {"model": "arriendos.comuna", "pk": 264, "fields": {"nombre": "Puerto Octay", "region": 13}}, {"model": "arriendos.comuna", "pk": 265, "fields": {"nombre": "Purranque", "region": 13}}, {"model": "arriendos.comuna", "pk": 266, "fields": {"nombre": "Puyehue", "region": 13}}, {"model": "arriendos.comuna", "pk": 267, "fields": {"nombre": "Río Negro", "region": 13}}, {"model": "arriendos.comuna", "pk": 268, "fields": {"nombre": "San Juan de la Costa", "region": 13}}, {"model": "arriendos.comuna", "pk": 269, "fields": {"nombre": "San Pablo", "region": 13}}, {"model": "arriendos.comuna", "pk": 270, "fields": {"nombre": "Chaitén", "region": 13}}, {"model": "arriendos.comuna", "pk": 271, "fields": {"nombre": "Futaleufú", "region": 13}}, {"model": "arriendos.comuna", "pk": 272, "fields": {"nombre": "Hualaihué", "region": 13}}, {"model": "arriendos.comuna", "pk": 273, "fields": {"nombre": "Palena", "region": 13}}, {"model": "arriendos.comuna", "pk": 274, "fields": {"nombre": "Coihaique", "region": 14}}, {"model": "arriendos.comuna", "pk": 275, "fields": {"nombre": "Lago Verde", "region": 14}}, {"model": "arriendos.comuna", "pk": 276, "fields": {"nombre": "Aisén", "region": 14}}, {"model": "arriendos.comuna", "pk": 277, "fields": {"nombre": "Cisnes", "region": 14}}, {"model": "arriendos.comuna", "pk": 278, "fields": {"nombre": "Guaitecas", "region": 14}}, {"model": "arriendos.comuna", "pk": 279, "fields": {"nombre": "Cochrane", "region": 14}}, {"model": "arriendos.comuna", "pk": 280, "fields": {"nombre": "O’Higgins", "region": 14}}, {"model": "arriendos.comuna", "pk": 281, "fields": {"nombre": "Tortel", "region": 14}}, {"model": "arriendos.comuna", "pk": 282, "fields": {"nombre": "Chile Chico", "region": 14}}, {"model": "arriendos.comuna", "pk": 283, "fields": {"nombre": "Río Ibáñez", "region": 14}}, {"model": "arriendos.comuna", "pk": 284, "fields": {"nombre": "Punta Arenas", "region": 15}}, {"model": "arriendos.comuna", "pk": 285, "fields": {"nombre": "Laguna Blanca", "region": 15}}, {"model": "arriendos.comuna", "pk": 286, "fields": {"nombre": "Río Verde", "region": 15}}, {"model": "arriendos.comuna", "pk": 287, "fields": {"nombre": "San Gregorio", "region": 15}}, {"model": "arriendos.comuna", "pk": 288, "fields": {"nombre": "Cabo de Hornos (Ex Navarino)", "region": 15}}, {"model": "arriendos.comuna", "pk": 289, "fields": {"nombre": "Antártica", "region": 15}}, {"model": "arriendos.comuna", "pk": 290, "fields": {"nombre": "Porvenir", "region": 15}}, {"model": "arriendos.comuna", "pk": 291, "fields": {"nombre": "Primavera", "region": 15}}, {"model": "arriendos.comuna", "pk": 292, "fields": {"nombre": "Timaukel", "region": 15}}, {"model": "arriendos.comuna", "pk": 293, "fields": {"nombre": "Natales", "region": 15}}, {"model": "arriendos.comuna", "pk": 294, "fields": {"nombre": "Torres del Paine", "region": 15}}, {"model": "arriendos.comuna", "pk": 295, "fields": {"nombre": "Cerrillos", "region": 16}}, {"model": "arriendos.comuna", "pk": 296, "fields": {"nombre": "Cerro Navia", "region": 16}}, {"model": "arriendos.comuna", "pk": 297, "fields": {"nombre": "Conchalí", "region": 16}}, {"model": "arriendos.comuna", "pk": 298, "fields": {"nombre": "El Bosque", "region": 16}}, {"model": "arriendos.comuna", "pk": 299, "fields": {"nombre": "Estación Central", "region": 16}}, {"model": "arriendos.comuna", "pk": 300, "fields": {"nombre": "Huechuraba", "region": 16}}, {"model": "arriendos.comuna", "pk": 301, "fields": {"nombre": "Independencia", "region": 16}}, {"model": "arriendos.comuna", "pk": 302, "fields": {"nombre": "La Cisterna", "region": 16}}, {"model": "arriendos.comuna", "pk": 303, "fields": {"nombre": "La Florida", "region": 16}}, {"model": "arriendos.comuna", "pk": 304, "fields": {"nombre": "La Granja", "region": 16}}, {"model": "arriendos.comuna", "pk": 305, "fields": {"nombre": "La Pintana", "region": 16}}, {"model": "arriendos.comuna", "pk": 306, "fields": {"nombre": "La Reina", "region": 16}}, {"model": "arriendos.comuna", "pk": 307, "fields": {"nombre": "Las Condes", "region": 16}}, {"model": "arriendos.comuna", "pk": 308, "fields": {"nombre": "Lo Barnechea", "region": 16}}, {"model": "arriendos.comuna", "pk": 309, "fields": {"nombre": "Lo Espejo", "region": 16}}, {"model": "arriendos.comuna", "pk": 310, "fields": {"nombre": "Lo Prado", "region": 16}}, {"model": "arriendos.comuna", "pk": 311, "fields": {"nombre": "Macul", "region": 16}}, {"model": "arriendos.comuna", "pk": 312, "fields": {"nombre": "Maipú", "region": 16}}, {"model": "arriendos.comuna", "pk": 313, "fields": {"nombre": "Ñuñoa", "region": 16}}, {"model": "arriendos.comuna", "pk": 314, "fields": {"nombre": "Pedro Aguirre Cerda", "region": 16}}, {"model": "arriendos.comuna", "pk": 315, "fields": {"nombre": "Peñalolén", "region": 16}}, {"model": "arriendos.comuna", "pk": 316, "fields": {"nombre": "Providencia", "region": 16}}, {"model": "arriendos.comuna", "pk": 317, "fields": {"nombre": "Pudahuel", "region": 16}}, {"model": "arriendos.comuna", "pk": 318, "fields": {"nombre": "Quilicura", "region": 16}}, {"model": "arriendos.comuna", "pk": 319, "fields": {"nombre": "Quinta Normal", "region": 16}}, {"model": "arriendos.comuna", "pk": 320, "fields": {"nombre": "Recoleta", "region": 16}}, {"model": "arriendos.comuna", "pk": 321, "fields": {"nombre": "Renca", "region": 16}}, {"model": "arriendos.comuna", "pk": 322, "fields": {"nombre": "Santiago", "region": 16}}, {"model": "arriendos.comuna", "pk": 323, "fields": {"nombre": "San Joaquín", "region": 16}}, {"model": "arriendos.comuna", "pk": 324, "fields": {"nombre": "San Miguel", "region": 16}}, {"model": "arriendos.comuna", "pk": 325, "fields": {"nombre": "San Ramón", "region": 16}}, {"model": "arriendos.comuna", "pk": 326, "fields": {"nombre": "Vitacura", "region": 16}}, {"model": "arriendos.comuna", "pk": 327, "fields": {"nombre": "Puente Alto", "region": 16}}, {"model": "arriendos.comuna", "pk": 328, "fields": {"nombre": "Pirque", "region": 16}}, {"model": "arriendos.comuna", "pk": 329, "fields": {"nombre": "San José de Maipo", "region": 16}}, {"model": "arriendos.comuna", "pk": 330, "fields": {"nombre": "Colina", "region": 16}}, {"model": "arriendos.comuna", "pk": 331, "fields": {"nombre": "Lampa", "region": 16}}, {"model": "arriendos.comuna", "pk": 332, "fields": {"nombre": "Tiltil", "region": 16}}, {"model": "arriendos.comuna", "pk": 333, "fields": {"nombre": "San Bernardo", "region": 16}}, {"model": "arriendos.comuna", "pk": 334, "fields": {"nombre": "Buin", "region": 16}}, {"model": "arriendos.comuna", "pk": 335, "fields": {"nombre": "Calera de Tango", "region": 16}}, {"model": "arriendos.comuna", "pk": 336, "fields": {"nombre": "Paine", "region": 16}}, {"model": "arriendos.comuna", "pk": 337, "fields": {"nombre": "Melipilla", "region": 16}}, {"model": "arriendos.comuna", "pk": 338, "fields": {"nombre": "Alhué", "region": 16}}, {"model": "arriendos.comuna", "pk": 339, "fields": {"nombre": "Curacaví", "region": 16}}, {"model": "arriendos.comuna", "pk": 340, "fields": {"nombre": "María Pinto", "region": 16}}, {"model": "arriendos.comuna", "pk": 341, "fields": {"nombre": "San Pedro", "region": 16}}, {"model": "arriendos.comuna", "pk": 342, "fields": {"nombre": "Talagante", "region": 16}}, {"model": "arriendos.comuna", "pk": 343, "fields": {"nombre": "El Monte", "region": 16}}, {"model": "arriendos.comuna", "pk": 344, "fields": {"nombre": "Isla de Maipo", "region": 16}}, {"model": "arriendos.comuna", "pk": 345, "fields": {"nombre": "Padre Hurtado", "region": 16}}, {"model": "arriendos.comuna", "pk": 346, "fields": {"nombre": "Peñaflor", "region": 16}}, {"model": "arriendos.inmueble", "pk": 52, "fields": {"descripcion": "Descripción del inmueble", "m2_construidos": 100, "m2_totales": 200, "cantidad_estacionamientos": 2, "cantidad_habitaciones": 3, "cantidad_banos": 2, "direccion": "Calle Falsa 123", "comuna": 1, "region": 1, "tipo_inmueble": "Casa", "precio_mensual_arriendo": 500000, "propietario": 1, "arrendatario": null, "imagen": "media/img/pic (1).webp"}}, {"model": "arriendos.inmueble", "pk": 125, "fields": {"descripcion": "Acogedora casa en Arica", "m2_construidos": 80, "m2_totales": 150, "cantidad_estacionamientos": 1, "cantidad_habitaciones": 3, "cantidad_banos": 2, "direccion": "Los Manzanos 245", "comuna": 1, "region": 1, "tipo_inmueble": "Casa", "precio_mensual_arriendo": 450000, "propietario": 1, "arrendatario": null, "imagen": "media/img/pic (2).webp"}}, {"model": "arriendos.inmueble", "pk": 126, "fields": {"descripcion": "Departamento con vista al mar en Iquique", "m2_construidos": 60, "m2_totales": 80, "cantidad_estacionamientos": 1, "cantidad_habitaciones": 2, "cantidad_banos": 1, "direccion": "Arturo Prat 789", "comuna": 5, "region": 2, "tipo_inmueble": "Departamento", "precio_mensual_arriendo": 380000, "propietario": 1, "arrendatario": null, "imagen": "media/img/pic (3).webp"}}, {"model": "arriendos.inmueble", "pk": 127, "fields": {"descripcion": "Amplia parcela en Alto Hospicio", "m2_construidos": 200, "m2_totales": 5000, "cantidad_estacionamientos": 3, "cantidad_habitaciones": 4, "cantidad_banos": 3, "direccion": "El Olivo 1234", "comuna": 6, "region": 2, "tipo_inmueble": "Parcela", "precio_mensual_arriendo": 600000, "propietario": 1, "arrendatario": null, "imagen": "media/img/pic (4).webp"}}, {"model": "arriendos.inmueble", "pk": 128, "fields": {"descripcion": "Cómodo departamento en Antofagasta", "m2_construidos": 50, "m2_totales": 70, "cantidad_estacionamientos": 0, "cantidad_habitaciones": 1, "cantidad_banos": 1, "direccion": "Avenida Brasil 5678", "comuna": 12, "region": 3, "tipo_inmueble": "Departamento", "precio_mensual_arriendo": 350000, "propietario": 1, "arrendatario": null, "imagen": "media/img/pic (5).webp"}}, {"model": "arriendos.inmueble", "pk": 129, "fields": {"descripcion": "Casa familiar en Calama", "m2_construidos": 120, "m2_totales": 250, "cantidad_estacionamientos": 2, "cantidad_habitaciones": 4, "cantidad_banos": 2, "direccion": "Balmaceda 987", "comuna": 16, "region": 3, "tipo_inmueble": "Casa", "precio_mensual_arriendo": 550000, "propietario": 1, "arrendatario": null, "imagen": "media/img/pic (6).webp"}}, {"model": "arriendos.inmueble", "pk": 130, "fields": {"descripcion": "Departamento moderno en Copiapó", "m2_construidos": 70, "m2_totales": 90, "cantidad_estacionamientos": 1, "cantidad_habitaciones": 2, "cantidad_banos": 2, "direccion": "Copayapu 4321", "comuna": 21, "region": 4, "tipo_inmueble": "Departamento", "precio_mensual_arriendo": 420000, "propietario": 1, "arrendatario": null, "imagen": "media/img/pic (7).webp"}}, {"model": "arriendos.inmueble", "pk": 131, "fields": {"descripcion": "Casa con patio grande en Vallenar", "m2_construidos": 100, "m2_totales": 200, "cantidad_estacionamientos": 2, "cantidad_habitaciones": 3, "cantidad_banos": 2, "direccion": "Pinto 5678", "comuna": 26, "region": 4, "tipo_inmueble": "Casa", "precio_mensual_arriendo": 480000, "propietario": 1, "arrendatario": null, "imagen": "media/img/pic (8).webp"}}, {"model": "arriendos.inmueble", "pk": 132, "fields": {"descripcion": "Departamento luminoso en La Serena", "m2_construidos": 65, "m2_totales": 85, "cantidad_estacionamientos": 1, "cantidad_habitaciones": 2, "cantidad_banos": 1, "direccion": "Francisco de Aguirre 1234", "comuna": 30, "region": 5, "tipo_inmueble": "Departamento", "precio_mensual_arriendo": 390000, "propietario": 1, "arrendatario": null, "imagen": "media/img/pic (9).webp"}}, {"model": "arriendos.inmueble", "pk": 133, "fields": {"descripcion": "Casa con piscina en Coquimbo", "m2_construidos": 150, "m2_totales": 300, "cantidad_estacionamientos": 3, "cantidad_habitaciones": 5, "cantidad_banos": 3, "direccion": "Ruta 5 Norte 9876", "comuna": 31, "region": 5, "tipo_inmueble": "Casa", "precio_mensual_arriendo": 700000, "propietario": 1, "arrendatario": null, "imagen": "media/img/pic (10).webp"}}, {"model": "arriendos.inmueble", "pk": 134, "fields": {"descripcion": "Parcela con vista al valle en Ovalle", "m2_construidos": 250, "m2_totales": 10000, "cantidad_estacionamientos": 4, "cantidad_habitaciones": 5, "cantidad_banos": 4, "direccion": "La Chimba 5678", "comuna": 40, "region": 5, "tipo_inmueble": "Parcela", "precio_mensual_arriendo": 800000, "propietario": 1, "arrendatario": null, "imagen": "media/img/pic (11).webp"}}, {"model": "arriendos.inmueble", "pk": 135, "fields": {"descripcion": "Departamento amoblado en Valparaíso", "m2_construidos": 45, "m2_totales": 60, "cantidad_estacionamientos": 0, "cantidad_habitaciones": 1, "cantidad_banos": 1, "direccion": "Pedro Montt 2468", "comuna": 45, "region": 6, "tipo_inmueble": "Departamento", "precio_mensual_arriendo": 320000, "propietario": 1, "arrendatario": null, "imagen": "media/img/pic (12).webp"}}, {"model": "arriendos.inmueble", "pk": 136, "fields": {"descripcion": "Casa con vista al mar en Viña del Mar", "m2_construidos": 180, "m2_totales": 350, "cantidad_estacionamientos": 2, "cantidad_habitaciones": 4, "cantidad_banos": 3, "direccion": "San Martín 1357", "comuna": 51, "region": 6, "tipo_inmueble": "Casa", "precio_mensual_arriendo": 850000, "propietario": 1, "arrendatario": null, "imagen": "media/img/pic (13).webp"}}, {"model": "arriendos.inmueble", "pk": 137, "fields": {"descripcion": "Departamento en condominio con piscina en Quilpué", "m2_construidos": 75, "m2_totales": 95, "cantidad_estacionamientos": 1, "cantidad_habitaciones": 3, "cantidad_banos": 2, "direccion": "Marga Marga 2468", "comuna": 79, "region": 6, "tipo_inmueble": "Departamento", "precio_mensual_arriendo": 450000, "propietario": 1, "arrendatario": null, "imagen": "media/img/pic (14).webp"}}, {"model": "arriendos.inmueble", "pk": 138, "fields": {"descripcion": "Casa en barrio residencial en Rancagua", "m2_construidos": 110, "m2_totales": 220, "cantidad_estacionamientos": 2, "cantidad_habitaciones": 3, "cantidad_banos": 2, "direccion": "Recreo 1357", "comuna": 83, "region": 7, "tipo_inmueble": "Casa", "precio_mensual_arriendo": 520000, "propietario": 1, "arrendatario": null, "imagen": "media/img/pic (15).webp"}}, {"model": "arriendos.inmueble", "pk": 139, "fields": {"descripcion": "Departamento en edificio con gimnasio en Machalí", "m2_construidos": 60, "m2_totales": 80, "cantidad_estacionamientos": 1, "cantidad_habitaciones": 2, "cantidad_banos": 1, "direccion": "San Juan 2468", "comuna": 90, "region": 7, "tipo_inmueble": "Departamento", "precio_mensual_arriendo": 370000, "propietario": 1, "arrendatario": null, "imagen": "media/img/pic (16).webp"}}, {"model": "arriendos.inmueble", "pk": 140, "fields": {"descripcion": "Casa en sector tranquilo en Rengo", "m2_construidos": 90, "m2_totales": 180, "cantidad_estacionamientos": 1, "cantidad_habitaciones": 3, "cantidad_banos": 2, "direccion": "Bisquertt 1357", "comuna": 97, "region": 7, "tipo_inmueble": "Casa", "precio_mensual_arriendo": 460000, "propietario": 1, "arrendatario": null, "imagen": "media/img/pic (17).webp"}}, {"model": "arriendos.inmueble", "pk": 141, "fields": {"descripcion": "Departamento con terraza panorámica en Talca", "m2_construidos": 80, "m2_totales": 100, "cantidad_estacionamientos": 1, "cantidad_habitaciones": 2, "cantidad_banos": 2, "direccion": "Uno Norte 2468", "comuna": 84, "region": 7, "tipo_inmueble": "Departamento", "precio_mensual_arriendo": 430000, "propietario": 1, "arrendatario": null, "imagen": "media/img/pic (18).webp"}}, {"model": "auth.permission", "pk": 1, "fields": {"name": "Can add usuario", "content_type": 1, "codename": "add_usuario"}}, {"model": "auth.permission", "pk": 2, "fields": {"name": "Can change usuario", "content_type": 1, "codename": "change_usuario"}}, {"model": "auth.permission", "pk": 3, "fields": {"name": "Can delete usuario", "content_type": 1, "codename": "delete_usuario"}}, {"model": "auth.permission", "pk": 4, "fields": {"name": "Can view usuario", "content_type": 1, "codename": "view_usuario"}}, {"model": "auth.permission", "pk": 5, "fields": {"name": "Can add region", "content_type": 2, "codename": "add_region"}}, {"model": "auth.permission", "pk": 6, "fields": {"name": "Can change region", "content_type": 2, "codename": "change_region"}}, {"model": "auth.permission", "pk": 7, "fields": {"name": "Can delete region", "content_type": 2, "codename": "delete_region"}}, {"model": "auth.permission", "pk": 8, "fields": {"name": "Can view region", "content_type": 2, "codename": "view_region"}}, {"model": "auth.permission", "pk": 9, "fields": {"name": "Can add comuna", "content_type": 3, "codename": "add_comuna"}}, {"model": "auth.permission", "pk": 10, "fields": {"name": "Can change comuna", "content_type": 3, "codename": "change_comuna"}}, {"model": "auth.permission", "pk": 11, "fields": {"name": "Can delete comuna", "content_type": 3, "codename": "delete_comuna"}}, {"model": "auth.permission", "pk": 12, "fields": {"name": "Can view comuna", "content_type": 3, "codename": "view_comuna"}}, {"model": "auth.permission", "pk": 13, "fields": {"name": "Can add inmueble", "content_type": 4, "codename": "add_inmueble"}}, {"model": "auth.permission", "pk": 14, "fields": {"name": "Can change inmueble", "content_type": 4, "codename": "change_inmueble"}}, {"model": "auth.permission", "pk": 15, "fields": {"name": "Can delete inmueble", "content_type": 4, "codename": "delete_inmueble"}}, {"model": "auth.permission", "pk": 16, "fields": {"name": "Can view inmueble", "content_type": 4, "codename": "view_inmueble"}}, {"model": "auth.permission", "pk": 17, "fields": {"name": "Can add contact", "content_type": 5, "codename": "add_contact"}}, {"model": "auth.permission", "pk": 18, "fields": {"name": "Can change contact", "content_type": 5, "codename": "change_contact"}}, {"model": "auth.permission", "pk": 19, "fields": {"name": "Can delete contact", "content_type": 5, "codename": "delete_contact"}}, {"model": "auth.permission", "pk": 20, "fields": {"name": "Can view contact", "content_type": 5, "codename": "view_contact"}}, {"model": "auth.permission", "pk": 21, "fields": {"name": "Can add log entry", "content_type": 6, "codename": "add_logentry"}}, {"model": "auth.permission", "pk": 22, "fields": {"name": "Can change log entry", "content_type": 6, "codename": "change_logentry"}}, {"model": "auth.permission", "pk": 23, "fields": {"name": "Can delete log entry", "content_type": 6, "codename": "delete_logentry"}}, {"model": "auth.permission", "pk": 24, "fields": {"name": "Can view log entry", "content_type": 6, "codename": "view_logentry"}}, {"model": "auth.permission", "pk": 25, "fields": {"name": "Can add permission", "content_type": 7, "codename": "add_permission"}}, {"model": "auth.permission", "pk": 26, "fields": {"name": "Can change permission", "content_type": 7, "codename": "change_permission"}}, {"model": "auth.permission", "pk": 27, "fields": {"name": "Can delete permission", "content_type": 7, "codename": "delete_permission"}}, {"model": "auth.permission", "pk": 28, "fields": {"name": "Can view permission", "content_type": 7, "codename": "view_permission"}}, {"model": "auth.permission", "pk": 29, "fields": {"name": "Can add group", "content_type": 8, "codename": "add_group"}}, {"model": "auth.permission", "pk": 30, "fields": {"name": "Can change group", "content_type": 8, "codename": "change_group"}}, {"model": "auth.permission", "pk": 31, "fields": {"name": "Can delete group", "content_type": 8, "codename": "delete_group"}}, {"model": "auth.permission", "pk": 32, "fields": {"name": "Can view group", "content_type": 8, "codename": "view_group"}}, {"model": "auth.permission", "pk": 33, "fields": {"name": "Can add content type", "content_type": 9, "codename": "add_contenttype"}}, {"model": "auth.permission", "pk": 34, "fields": {"name": "Can change content type", "content_type": 9, "codename": "change_contenttype"}}, {"model": "auth.permission", "pk": 35, "fields": {"name": "Can delete content type", "content_type": 9, "codename": "delete_contenttype"}}, {"model": "auth.permission", "pk": 36, "fields": {"name": "Can view content type", "content_type": 9, "codename": "view_contenttype"}}, {"model": "auth.permission", "pk": 37, "fields": {"name": "Can add session", "content_type": 10, "codename": "add_session"}}, {"model": "auth.permission", "pk": 38, "fields": {"name": "Can change session", "content_type": 10, "codename": "change_session"}}, {"model": "auth.permission", "pk": 39, "fields": {"name": "Can delete session", "content_type": 10, "codename": "delete_session"}}, {"model": "auth.permission", "pk": 40, "fields": {"name": "Can view session", "content_type": 10, "codename": "view_session"}}, {"model": "contenttypes.contenttype", "pk": 1, "fields": {"app_label": "arriendos", "model": "usuario"}}, {"model": "contenttypes.contenttype", "pk": 2, "fields": {"app_label": "arriendos", "model": "region"}}, {"model": "contenttypes.contenttype", "pk": 3, "fields": {"app_label": "arriendos", "model": "comuna"}}, {"model": "contenttypes.contenttype", "pk": 4, "fields": {"app_label": "arriendos", "model": "inmueble"}}, {"model": "contenttypes.contenttype", "pk": 5, "fields": {"app_label": "arriendos", "model": "contact"}}, {"model": "contenttypes.contenttype", "pk": 6, "fields": {"app_label": "admin", "model": "logentry"}}, {"model": "contenttypes.contenttype", "pk": 7, "fields": {"app_label": "auth", "model": "permission"}}, {"model": "contenttypes.contenttype", "pk": 8, "fields": {"app_label": "auth", "model": "group"}}, {"model": "contenttypes.contenttype", "pk": 9, "fields": {"app_label": "contenttypes", "model": "contenttype"}}, {"model": "contenttypes.contenttype", "pk": 10, "fields": {"app_label": "sessions", "model": "session"}}, {"model": "sessions.session", "pk": "b6ql2ggvpfbhcwxbhxs1v4r652ivc7uy", "fields": {"session_data": ".eJxVjDsOgzAQRO_iOrJsjD-kTM8ZrPV6NyaJjIShinL3gESRdKN5b-YtImxriVujJU5ZXEUnLr9dAnxSPUB-QL3PEue6LlOShyJP2uQ4Z3rdTvfvoEAr-9oPyiCbYIiZSTFg12eN1htNyibQQe_BcXDGB5UTgUcdfLJD6g07Lz5f8p44Bw:1s8W3a:RxD7fih_9G4LeoZ45AheFO4fWRCT_WCUy7Nl2i9LGZ8", "expire_date": "2024-06-02T02:13:50.448Z"}}]